id,firstname,email
100,Brandise,Brandise.@yopmail.com
101,Arlina,Arlina.@yopmail.com
102,Suzette,Suzette.@yopmail.com
103,Suzette,Suzette.@yopmail.com
104,Bee,Bee.@yopmail.com
105,Mildrid,Mildrid.@yopmail.com
106,Johna,Johna.@yopmail.com
107,Dagmar,Dagmar.@yopmail.com
108,Aurore,Aurore.@yopmail.com
109,Lanna,Lanna.@yopmail.com
110,Moyna,Moyna.@yopmail.com
111,Janey,Janey.@yopmail.com
112,Lolita,Lolita.@yopmail.com
113,Sonni,Sonni.@yopmail.com
114,Jorry,Jorry.@yopmail.com
115,Selma,Selma.@yopmail.com
116,Krystle,Krystle.@yopmail.com
117,Ivett,Ivett.@yopmail.com
118,Demetris,Demetris.@yopmail.com
119,Alleen,Alleen.@yopmail.com
120,Esmeralda,Esmeralda.@yopmail.com
121,Almeta,Almeta.@yopmail.com
122,Rozele,Rozele.@yopmail.com
123,Petronia,Petronia.@yopmail.com
124,Lucille,Lucille.@yopmail.com
125,Brena,Brena.@yopmail.com
126,Cristabel,Cristabel.@yopmail.com
127,Rivalee,Rivalee.@yopmail.com
128,Natka,Natka.@yopmail.com
129,Adele,Adele.@yopmail.com
130,Mallory,Mallory.@yopmail.com
131,Bobbi,Bobbi.@yopmail.com
132,Ruthe,Ruthe.@yopmail.com
133,Mellicent,Mellicent.@yopmail.com
134,Neila,Neila.@yopmail.com
135,Elora,Elora.@yopmail.com
136,Chickie,Chickie.@yopmail.com
137,Nonnah,Nonnah.@yopmail.com
138,Starla,Starla.@yopmail.com
139,Fawne,Fawne.@yopmail.com
140,Kary,Kary.@yopmail.com
141,Angelique,Angelique.@yopmail.com
142,Rivalee,Rivalee.@yopmail.com
143,Gwenneth,Gwenneth.@yopmail.com
144,Peri,Peri.@yopmail.com
145,Trixi,Trixi.@yopmail.com
146,Janenna,Janenna.@yopmail.com
147,Misha,Misha.@yopmail.com
148,Flory,Flory.@yopmail.com
149,Audrie,Audrie.@yopmail.com
150,Yetty,Yetty.@yopmail.com
151,Norine,Norine.@yopmail.com
152,Neila,Neila.@yopmail.com
153,Tobe,Tobe.@yopmail.com
154,Kirstin,Kirstin.@yopmail.com
155,Emylee,Emylee.@yopmail.com
156,Alameda,Alameda.@yopmail.com
157,Joeann,Joeann.@yopmail.com
158,Alia,Alia.@yopmail.com
159,Lelah,Lelah.@yopmail.com
160,Lorne,Lorne.@yopmail.com
161,Berget,Berget.@yopmail.com
162,Dale,Dale.@yopmail.com
163,Demetris,Demetris.@yopmail.com
164,Modestia,Modestia.@yopmail.com
165,Clo,Clo.@yopmail.com
166,Heddie,Heddie.@yopmail.com
167,Raina,Raina.@yopmail.com
168,Merry,Merry.@yopmail.com
169,Theodora,Theodora.@yopmail.com
170,Ekaterina,Ekaterina.@yopmail.com
171,Coral,Coral.@yopmail.com
172,Emylee,Emylee.@yopmail.com
173,Madelle,Madelle.@yopmail.com
174,Rani,Rani.@yopmail.com
175,Lulita,Lulita.@yopmail.com
176,Lacie,Lacie.@yopmail.com
177,Lyssa,Lyssa.@yopmail.com
178,Lynea,Lynea.@yopmail.com
179,Trixi,Trixi.@yopmail.com
180,Dyann,Dyann.@yopmail.com
181,Sonni,Sonni.@yopmail.com
182,Anestassia,Anestassia.@yopmail.com
183,Carmela,Carmela.@yopmail.com
184,Trudie,Trudie.@yopmail.com
185,Adelle,Adelle.@yopmail.com
186,Brynna,Brynna.@yopmail.com
187,Lolita,Lolita.@yopmail.com
188,Babita,Babita.@yopmail.com
189,Rubie,Rubie.@yopmail.com
190,Celene,Celene.@yopmail.com
191,Aigneis,Aigneis.@yopmail.com
192,Linzy,Linzy.@yopmail.com
193,Suzette,Suzette.@yopmail.com
194,Valeda,Valeda.@yopmail.com
195,Hyacinthe,Hyacinthe.@yopmail.com
196,Chastity,Chastity.@yopmail.com
197,Linet,Linet.@yopmail.com
198,Gerrie,Gerrie.@yopmail.com
199,Elise,Elise.@yopmail.com
200,Calla,Calla.@yopmail.com
201,Vinita,Vinita.@yopmail.com
202,Minda,Minda.@yopmail.com
203,Wendi,Wendi.@yopmail.com
204,Daune,Daune.@yopmail.com
205,Rayna,Rayna.@yopmail.com
206,Alyda,Alyda.@yopmail.com
207,Aigneis,Aigneis.@yopmail.com
208,Noelle,Noelle.@yopmail.com
209,Shaine,Shaine.@yopmail.com
210,Ketti,Ketti.@yopmail.com
211,Elbertina,Elbertina.@yopmail.com
212,Marylou,Marylou.@yopmail.com
213,Lexine,Lexine.@yopmail.com
214,Raf,Raf.@yopmail.com
215,Aurelie,Aurelie.@yopmail.com
216,Kittie,Kittie.@yopmail.com
217,Ermengarde,Ermengarde.@yopmail.com
218,Christian,Christian.@yopmail.com
219,Regina,Regina.@yopmail.com
220,Jordan,Jordan.@yopmail.com
221,Bettine,Bettine.@yopmail.com
222,Chandra,Chandra.@yopmail.com
223,Gretal,Gretal.@yopmail.com
224,Merrie,Merrie.@yopmail.com
225,Cam,Cam.@yopmail.com
226,Albertina,Albertina.@yopmail.com
227,Ada,Ada.@yopmail.com
228,Lily,Lily.@yopmail.com
229,Averyl,Averyl.@yopmail.com
230,Di,Di.@yopmail.com
231,Lorne,Lorne.@yopmail.com
232,Steffane,Steffane.@yopmail.com
233,Roxane,Roxane.@yopmail.com
234,Modestia,Modestia.@yopmail.com
235,Chloris,Chloris.@yopmail.com
236,Devina,Devina.@yopmail.com
237,Donnie,Donnie.@yopmail.com
238,Etta,Etta.@yopmail.com
239,Chloris,Chloris.@yopmail.com
240,Marika,Marika.@yopmail.com
241,Nanete,Nanete.@yopmail.com
242,Ezmeralda,Ezmeralda.@yopmail.com
243,Gerrie,Gerrie.@yopmail.com
244,Mary,Mary.@yopmail.com
245,Dorene,Dorene.@yopmail.com
246,Imojean,Imojean.@yopmail.com
247,Gloria,Gloria.@yopmail.com
248,Bee,Bee.@yopmail.com
249,Blondelle,Blondelle.@yopmail.com
250,Jacenta,Jacenta.@yopmail.com
251,Brana,Brana.@yopmail.com
252,Farrah,Farrah.@yopmail.com
253,June,June.@yopmail.com
254,Grier,Grier.@yopmail.com
255,Katuscha,Katuscha.@yopmail.com
256,Lizzie,Lizzie.@yopmail.com
257,Tori,Tori.@yopmail.com
258,Daune,Daune.@yopmail.com
259,Jessamyn,Jessamyn.@yopmail.com
260,Tami,Tami.@yopmail.com
261,Blake,Blake.@yopmail.com
262,Tomasina,Tomasina.@yopmail.com
263,Daune,Daune.@yopmail.com
264,Susette,Susette.@yopmail.com
265,Nyssa,Nyssa.@yopmail.com
266,Christy,Christy.@yopmail.com
267,Katuscha,Katuscha.@yopmail.com
268,Norine,Norine.@yopmail.com
269,Aubrie,Aubrie.@yopmail.com
270,Sara-Ann,Sara-Ann.@yopmail.com
271,Teddie,Teddie.@yopmail.com
272,Nananne,Nananne.@yopmail.com
273,Dagmar,Dagmar.@yopmail.com
274,Rubie,Rubie.@yopmail.com
275,Adriana,Adriana.@yopmail.com
276,Ardys,Ardys.@yopmail.com
277,Lita,Lita.@yopmail.com
278,Adelle,Adelle.@yopmail.com
279,Antonietta,Antonietta.@yopmail.com
280,Veda,Veda.@yopmail.com
281,Marjie,Marjie.@yopmail.com
282,Rozele,Rozele.@yopmail.com
283,Nanete,Nanete.@yopmail.com
284,Bee,Bee.@yopmail.com
285,Wilma,Wilma.@yopmail.com
286,Henriette,Henriette.@yopmail.com
287,Jasmina,Jasmina.@yopmail.com
288,Fernande,Fernande.@yopmail.com
289,Florie,Florie.@yopmail.com
290,Fayre,Fayre.@yopmail.com
291,Deloria,Deloria.@yopmail.com
292,Kellen,Kellen.@yopmail.com
293,Olivette,Olivette.@yopmail.com
294,Cordi,Cordi.@yopmail.com
295,Brooks,Brooks.@yopmail.com
296,Carree,Carree.@yopmail.com
297,Glynnis,Glynnis.@yopmail.com
298,Selma,Selma.@yopmail.com
299,Nikki,Nikki.@yopmail.com
300,Roz,Roz.@yopmail.com
301,Sybille,Sybille.@yopmail.com
302,Sadie,Sadie.@yopmail.com
303,Emelina,Emelina.@yopmail.com
304,Kellen,Kellen.@yopmail.com
305,Eadie,Eadie.@yopmail.com
306,Sean,Sean.@yopmail.com
307,Keelia,Keelia.@yopmail.com
308,Gwenneth,Gwenneth.@yopmail.com
309,Ninnetta,Ninnetta.@yopmail.com
310,Maridel,Maridel.@yopmail.com
311,Michaelina,Michaelina.@yopmail.com
312,Corene,Corene.@yopmail.com
313,Lyssa,Lyssa.@yopmail.com
314,Fanchon,Fanchon.@yopmail.com
315,Gratia,Gratia.@yopmail.com
316,Annabela,Annabela.@yopmail.com
317,Neila,Neila.@yopmail.com
318,Arlena,Arlena.@yopmail.com
319,Christy,Christy.@yopmail.com
320,Aeriela,Aeriela.@yopmail.com
321,Marylou,Marylou.@yopmail.com
322,Roberta,Roberta.@yopmail.com
323,Amara,Amara.@yopmail.com
324,Ninnetta,Ninnetta.@yopmail.com
325,Queenie,Queenie.@yopmail.com
326,Fidelia,Fidelia.@yopmail.com
327,Anthia,Anthia.@yopmail.com
328,Tabbatha,Tabbatha.@yopmail.com
329,Janenna,Janenna.@yopmail.com
330,Vevay,Vevay.@yopmail.com
331,Teddie,Teddie.@yopmail.com
332,Helsa,Helsa.@yopmail.com
333,Tami,Tami.@yopmail.com
334,Carmencita,Carmencita.@yopmail.com
335,Nananne,Nananne.@yopmail.com
336,Roxane,Roxane.@yopmail.com
337,Tori,Tori.@yopmail.com
338,Hannis,Hannis.@yopmail.com
339,Blake,Blake.@yopmail.com
340,Odessa,Odessa.@yopmail.com
341,Dolli,Dolli.@yopmail.com
342,Olivette,Olivette.@yopmail.com
343,Charlena,Charlena.@yopmail.com
344,Chastity,Chastity.@yopmail.com
345,Selia,Selia.@yopmail.com
346,Linet,Linet.@yopmail.com
347,Deedee,Deedee.@yopmail.com
348,Joelly,Joelly.@yopmail.com
349,Talya,Talya.@yopmail.com
350,Imojean,Imojean.@yopmail.com
351,Sheelagh,Sheelagh.@yopmail.com
352,Brena,Brena.@yopmail.com
353,Halette,Halette.@yopmail.com
354,Doralynne,Doralynne.@yopmail.com
355,Codie,Codie.@yopmail.com
356,Starla,Starla.@yopmail.com
357,Janis,Janis.@yopmail.com
358,Drucie,Drucie.@yopmail.com
359,Merrie,Merrie.@yopmail.com
360,Melodie,Melodie.@yopmail.com
361,Isa,Isa.@yopmail.com
362,Tarra,Tarra.@yopmail.com
363,Georgina,Georgina.@yopmail.com
364,Silvana,Silvana.@yopmail.com
365,Wileen,Wileen.@yopmail.com
366,Ariela,Ariela.@yopmail.com
367,Justinn,Justinn.@yopmail.com
368,Fernande,Fernande.@yopmail.com
369,Coral,Coral.@yopmail.com
370,Anthia,Anthia.@yopmail.com
371,Feliza,Feliza.@yopmail.com
372,Valera,Valera.@yopmail.com
373,Kayla,Kayla.@yopmail.com
374,Henriette,Henriette.@yopmail.com
375,Hannis,Hannis.@yopmail.com
376,Sabina,Sabina.@yopmail.com
377,Mahalia,Mahalia.@yopmail.com
378,Janenna,Janenna.@yopmail.com
379,Beth,Beth.@yopmail.com
380,Almeta,Almeta.@yopmail.com
381,Danika,Danika.@yopmail.com
382,Nataline,Nataline.@yopmail.com
383,Beverley,Beverley.@yopmail.com
384,Doro,Doro.@yopmail.com
385,Gretal,Gretal.@yopmail.com
386,Tabbatha,Tabbatha.@yopmail.com
387,Britni,Britni.@yopmail.com
388,Bernardine,Bernardine.@yopmail.com
389,Carly,Carly.@yopmail.com
390,Wileen,Wileen.@yopmail.com
391,Alisha,Alisha.@yopmail.com
392,Neila,Neila.@yopmail.com
393,Halette,Halette.@yopmail.com
394,Brena,Brena.@yopmail.com
395,Zaria,Zaria.@yopmail.com
396,Jennica,Jennica.@yopmail.com
397,Ketti,Ketti.@yopmail.com
398,Ann-Marie,Ann-Marie.@yopmail.com
399,Neila,Neila.@yopmail.com
400,Emilia,Emilia.@yopmail.com
401,Deedee,Deedee.@yopmail.com
402,Barbara,Barbara.@yopmail.com
403,Selia,Selia.@yopmail.com
404,Carolina,Carolina.@yopmail.com
405,Dulce,Dulce.@yopmail.com
406,Daune,Daune.@yopmail.com
407,Adele,Adele.@yopmail.com
408,Clarice,Clarice.@yopmail.com
409,Merry,Merry.@yopmail.com
410,Kalina,Kalina.@yopmail.com
411,Monika,Monika.@yopmail.com
412,Tani,Tani.@yopmail.com
413,Theodora,Theodora.@yopmail.com
414,Blinni,Blinni.@yopmail.com
415,Noelle,Noelle.@yopmail.com
416,Beverley,Beverley.@yopmail.com
417,Esmeralda,Esmeralda.@yopmail.com
418,Marline,Marline.@yopmail.com
419,Reeba,Reeba.@yopmail.com
420,Odessa,Odessa.@yopmail.com
421,Audrie,Audrie.@yopmail.com
422,Dione,Dione.@yopmail.com
423,Jacquetta,Jacquetta.@yopmail.com
424,Hettie,Hettie.@yopmail.com
425,Fanny,Fanny.@yopmail.com
426,Michaelina,Michaelina.@yopmail.com
427,Valera,Valera.@yopmail.com
428,Deloria,Deloria.@yopmail.com
429,Elyssa,Elyssa.@yopmail.com
430,Oralee,Oralee.@yopmail.com
431,Regina,Regina.@yopmail.com
432,Cassandra,Cassandra.@yopmail.com
433,Lilith,Lilith.@yopmail.com
434,Ninnetta,Ninnetta.@yopmail.com
435,Daphne,Daphne.@yopmail.com
436,Kristina,Kristina.@yopmail.com
437,Kathy,Kathy.@yopmail.com
438,Yetty,Yetty.@yopmail.com
439,Vere,Vere.@yopmail.com
440,Kassey,Kassey.@yopmail.com
441,Violet,Violet.@yopmail.com
442,Donnie,Donnie.@yopmail.com
443,Teddie,Teddie.@yopmail.com
444,Adelle,Adelle.@yopmail.com
445,Feliza,Feliza.@yopmail.com
446,Marinna,Marinna.@yopmail.com
447,Taffy,Taffy.@yopmail.com
448,Adelle,Adelle.@yopmail.com
449,Celisse,Celisse.@yopmail.com
450,Britni,Britni.@yopmail.com
451,Loree,Loree.@yopmail.com
452,Sabina,Sabina.@yopmail.com
453,Gianina,Gianina.@yopmail.com
454,Viki,Viki.@yopmail.com
455,Katharina,Katharina.@yopmail.com
456,Devina,Devina.@yopmail.com
457,Elka,Elka.@yopmail.com
458,Loree,Loree.@yopmail.com
459,Keelia,Keelia.@yopmail.com
460,Nickie,Nickie.@yopmail.com
461,Codie,Codie.@yopmail.com
462,Danny,Danny.@yopmail.com
463,Gilligan,Gilligan.@yopmail.com
464,Joy,Joy.@yopmail.com
465,Layla,Layla.@yopmail.com
466,Rosabelle,Rosabelle.@yopmail.com
467,Melodie,Melodie.@yopmail.com
468,Raquela,Raquela.@yopmail.com
469,Sherrie,Sherrie.@yopmail.com
470,Nita,Nita.@yopmail.com
471,Kenna,Kenna.@yopmail.com
472,Emylee,Emylee.@yopmail.com
473,Janis,Janis.@yopmail.com
474,Blake,Blake.@yopmail.com
475,Marleah,Marleah.@yopmail.com
476,Imojean,Imojean.@yopmail.com
477,Natka,Natka.@yopmail.com
478,Sallie,Sallie.@yopmail.com
479,Zia,Zia.@yopmail.com
480,Felice,Felice.@yopmail.com
481,Alameda,Alameda.@yopmail.com
482,Meghann,Meghann.@yopmail.com
483,Lorne,Lorne.@yopmail.com
484,Tomasina,Tomasina.@yopmail.com
485,Adore,Adore.@yopmail.com
486,Kerrin,Kerrin.@yopmail.com
487,Margarette,Margarette.@yopmail.com
488,Alleen,Alleen.@yopmail.com
489,Coral,Coral.@yopmail.com
490,Marleah,Marleah.@yopmail.com
491,Anthia,Anthia.@yopmail.com
492,Talya,Talya.@yopmail.com
493,Penelopa,Penelopa.@yopmail.com
494,Aurore,Aurore.@yopmail.com
495,Kalina,Kalina.@yopmail.com
496,Flory,Flory.@yopmail.com
497,Oralee,Oralee.@yopmail.com
498,Gui,Gui.@yopmail.com
499,Margarette,Margarette.@yopmail.com
500,Andree,Andree.@yopmail.com
501,Helena,Helena.@yopmail.com
502,Gisela,Gisela.@yopmail.com
503,Jasmina,Jasmina.@yopmail.com
504,Deloria,Deloria.@yopmail.com
505,Agnese,Agnese.@yopmail.com
506,Sabina,Sabina.@yopmail.com
507,Tatiania,Tatiania.@yopmail.com
508,Madelle,Madelle.@yopmail.com
509,Inga,Inga.@yopmail.com
510,Shaine,Shaine.@yopmail.com
511,Katleen,Katleen.@yopmail.com
512,Anallese,Anallese.@yopmail.com
513,Nerta,Nerta.@yopmail.com
514,Belva,Belva.@yopmail.com
515,Claresta,Claresta.@yopmail.com
516,Rubie,Rubie.@yopmail.com
517,Teriann,Teriann.@yopmail.com
518,Heida,Heida.@yopmail.com
519,Albertina,Albertina.@yopmail.com
520,Dulcinea,Dulcinea.@yopmail.com
521,Dotty,Dotty.@yopmail.com
522,Adore,Adore.@yopmail.com
523,Albertina,Albertina.@yopmail.com
524,Ulrike,Ulrike.@yopmail.com
525,Gwyneth,Gwyneth.@yopmail.com
526,Jeanna,Jeanna.@yopmail.com
527,Deloria,Deloria.@yopmail.com
528,Debee,Debee.@yopmail.com
529,Chastity,Chastity.@yopmail.com
530,Mady,Mady.@yopmail.com
531,Latisha,Latisha.@yopmail.com
532,Jaclyn,Jaclyn.@yopmail.com
533,Carmencita,Carmencita.@yopmail.com
534,Binny,Binny.@yopmail.com
535,Tamqrah,Tamqrah.@yopmail.com
536,Sean,Sean.@yopmail.com
537,Amalie,Amalie.@yopmail.com
538,Celene,Celene.@yopmail.com
539,Ricky,Ricky.@yopmail.com
540,Molli,Molli.@yopmail.com
541,Anthia,Anthia.@yopmail.com
542,Dolli,Dolli.@yopmail.com
543,Queenie,Queenie.@yopmail.com
544,Jillayne,Jillayne.@yopmail.com
545,Tilly,Tilly.@yopmail.com
546,Laure,Laure.@yopmail.com
547,Petronia,Petronia.@yopmail.com
548,Vinita,Vinita.@yopmail.com
549,Jenda,Jenda.@yopmail.com
550,Trudie,Trudie.@yopmail.com
551,Leanna,Leanna.@yopmail.com
552,Silvana,Silvana.@yopmail.com
553,Cindelyn,Cindelyn.@yopmail.com
554,Tonia,Tonia.@yopmail.com
555,Sarette,Sarette.@yopmail.com
556,Stacey,Stacey.@yopmail.com
557,Jordan,Jordan.@yopmail.com
558,Yvonne,Yvonne.@yopmail.com
559,Sherrie,Sherrie.@yopmail.com
560,Dari,Dari.@yopmail.com
561,Paulita,Paulita.@yopmail.com
562,Paulita,Paulita.@yopmail.com
563,Tonia,Tonia.@yopmail.com
564,Tomasina,Tomasina.@yopmail.com
565,Berta,Berta.@yopmail.com
566,Kalina,Kalina.@yopmail.com
567,Concettina,Concettina.@yopmail.com
568,Marylou,Marylou.@yopmail.com
569,Ricky,Ricky.@yopmail.com
570,Libbie,Libbie.@yopmail.com
571,Brandise,Brandise.@yopmail.com
572,Gilda,Gilda.@yopmail.com
573,Monika,Monika.@yopmail.com
574,Babita,Babita.@yopmail.com
575,Alex,Alex.@yopmail.com
576,Tabbatha,Tabbatha.@yopmail.com
577,Jolyn,Jolyn.@yopmail.com
578,Helsa,Helsa.@yopmail.com
579,Sharai,Sharai.@yopmail.com
580,Magdalena,Magdalena.@yopmail.com
581,Daphne,Daphne.@yopmail.com
582,Sheelagh,Sheelagh.@yopmail.com
583,Christian,Christian.@yopmail.com
584,Mildrid,Mildrid.@yopmail.com
585,Kirstin,Kirstin.@yopmail.com
586,Emma,Emma.@yopmail.com
587,Rozele,Rozele.@yopmail.com
588,Yvonne,Yvonne.@yopmail.com
589,Genevra,Genevra.@yopmail.com
590,Raina,Raina.@yopmail.com
591,Annaliese,Annaliese.@yopmail.com
592,Briney,Briney.@yopmail.com
593,Max,Max.@yopmail.com
594,Catharine,Catharine.@yopmail.com
595,Drucie,Drucie.@yopmail.com
596,Laurene,Laurene.@yopmail.com
597,Emma,Emma.@yopmail.com
598,Heddie,Heddie.@yopmail.com
599,Benita,Benita.@yopmail.com
600,Cissiee,Cissiee.@yopmail.com
601,Amalie,Amalie.@yopmail.com
602,Belva,Belva.@yopmail.com
603,Mariele,Mariele.@yopmail.com
604,Madelle,Madelle.@yopmail.com
605,Marsiella,Marsiella.@yopmail.com
606,Tarra,Tarra.@yopmail.com
607,Aimil,Aimil.@yopmail.com
608,Demetris,Demetris.@yopmail.com
609,Elka,Elka.@yopmail.com
610,Bertine,Bertine.@yopmail.com
611,Nyssa,Nyssa.@yopmail.com
612,Alejandra,Alejandra.@yopmail.com
613,Norine,Norine.@yopmail.com
614,Paola,Paola.@yopmail.com
615,Dede,Dede.@yopmail.com
616,Ardys,Ardys.@yopmail.com
617,Calla,Calla.@yopmail.com
618,Luci,Luci.@yopmail.com
619,Maud,Maud.@yopmail.com
620,Clo,Clo.@yopmail.com
621,Sonni,Sonni.@yopmail.com
622,Georgina,Georgina.@yopmail.com
623,Blinni,Blinni.@yopmail.com
624,Berta,Berta.@yopmail.com
625,Clo,Clo.@yopmail.com
626,Arlena,Arlena.@yopmail.com
627,Malina,Malina.@yopmail.com
628,Lusa,Lusa.@yopmail.com
629,Fawne,Fawne.@yopmail.com
630,Annaliese,Annaliese.@yopmail.com
631,Lynnea,Lynnea.@yopmail.com
632,Etta,Etta.@yopmail.com
633,Sharai,Sharai.@yopmail.com
634,Etta,Etta.@yopmail.com
635,Britte,Britte.@yopmail.com
636,Karina,Karina.@yopmail.com
637,Sandie,Sandie.@yopmail.com
638,Margette,Margette.@yopmail.com
639,Teddie,Teddie.@yopmail.com
640,Ellette,Ellette.@yopmail.com
641,Brynna,Brynna.@yopmail.com
642,Michaelina,Michaelina.@yopmail.com
643,Cathyleen,Cathyleen.@yopmail.com
644,Jaime,Jaime.@yopmail.com
645,Ayn,Ayn.@yopmail.com
646,Vere,Vere.@yopmail.com
647,Tarra,Tarra.@yopmail.com
648,Cordi,Cordi.@yopmail.com
649,Aubrie,Aubrie.@yopmail.com
650,Tybie,Tybie.@yopmail.com
651,Doralynne,Doralynne.@yopmail.com
652,Elmira,Elmira.@yopmail.com
653,Mady,Mady.@yopmail.com
654,Annora,Annora.@yopmail.com
655,Misha,Misha.@yopmail.com
656,Keelia,Keelia.@yopmail.com
657,Jacquetta,Jacquetta.@yopmail.com
658,Teddie,Teddie.@yopmail.com
659,Carilyn,Carilyn.@yopmail.com
660,Nollie,Nollie.@yopmail.com
661,Adelle,Adelle.@yopmail.com
662,Joceline,Joceline.@yopmail.com
663,Michaelina,Michaelina.@yopmail.com
664,Margette,Margette.@yopmail.com
665,Jordan,Jordan.@yopmail.com
666,Aurelie,Aurelie.@yopmail.com
667,Phylis,Phylis.@yopmail.com
668,Jackie,Jackie.@yopmail.com
669,Thalia,Thalia.@yopmail.com
670,June,June.@yopmail.com
671,Jaclyn,Jaclyn.@yopmail.com
672,Eadie,Eadie.@yopmail.com
673,Hermione,Hermione.@yopmail.com
674,Edith,Edith.@yopmail.com
675,Leanna,Leanna.@yopmail.com
676,Brooks,Brooks.@yopmail.com
677,Alisha,Alisha.@yopmail.com
678,Celene,Celene.@yopmail.com
679,Gilligan,Gilligan.@yopmail.com
680,Madeleine,Madeleine.@yopmail.com
681,Ingrid,Ingrid.@yopmail.com
682,Vanessa,Vanessa.@yopmail.com
683,Rhea,Rhea.@yopmail.com
684,Vivia,Vivia.@yopmail.com
685,Fina,Fina.@yopmail.com
686,Queenie,Queenie.@yopmail.com
687,Chandra,Chandra.@yopmail.com
688,Larine,Larine.@yopmail.com
689,Elena,Elena.@yopmail.com
690,Farrah,Farrah.@yopmail.com
691,Orsola,Orsola.@yopmail.com
692,Johna,Johna.@yopmail.com
693,Peri,Peri.@yopmail.com
694,Bibby,Bibby.@yopmail.com
695,Jobi,Jobi.@yopmail.com
696,Liana,Liana.@yopmail.com
697,Mathilda,Mathilda.@yopmail.com
698,Jany,Jany.@yopmail.com
699,Hollie,Hollie.@yopmail.com
700,Nollie,Nollie.@yopmail.com
701,Caryl,Caryl.@yopmail.com
702,Alia,Alia.@yopmail.com
703,Adore,Adore.@yopmail.com
704,Ivett,Ivett.@yopmail.com
705,Ann-Marie,Ann-Marie.@yopmail.com
706,Raina,Raina.@yopmail.com
707,Andree,Andree.@yopmail.com
708,Ermengarde,Ermengarde.@yopmail.com
709,Ethel,Ethel.@yopmail.com
710,Gratia,Gratia.@yopmail.com
711,Mildrid,Mildrid.@yopmail.com
712,Tressa,Tressa.@yopmail.com
713,Dolli,Dolli.@yopmail.com
714,Catrina,Catrina.@yopmail.com
715,Tani,Tani.@yopmail.com
716,Kittie,Kittie.@yopmail.com
717,Renae,Renae.@yopmail.com
718,Cindelyn,Cindelyn.@yopmail.com
719,Gerianna,Gerianna.@yopmail.com
720,Henriette,Henriette.@yopmail.com
721,Tracey,Tracey.@yopmail.com
722,Lulita,Lulita.@yopmail.com
723,Kylynn,Kylynn.@yopmail.com
724,Maisey,Maisey.@yopmail.com
725,Janey,Janey.@yopmail.com
726,Lorenza,Lorenza.@yopmail.com
727,Dyann,Dyann.@yopmail.com
728,Viki,Viki.@yopmail.com
729,Max,Max.@yopmail.com
730,Marjie,Marjie.@yopmail.com
731,Rivalee,Rivalee.@yopmail.com
732,Ernesta,Ernesta.@yopmail.com
733,Olivette,Olivette.@yopmail.com
734,Sean,Sean.@yopmail.com
735,Sam,Sam.@yopmail.com
736,Gilda,Gilda.@yopmail.com
737,Carolina,Carolina.@yopmail.com
738,Ellette,Ellette.@yopmail.com
739,June,June.@yopmail.com
740,Wynne,Wynne.@yopmail.com
741,Lisette,Lisette.@yopmail.com
742,Valera,Valera.@yopmail.com
743,Audrie,Audrie.@yopmail.com
744,Esmeralda,Esmeralda.@yopmail.com
745,Brianna,Brianna.@yopmail.com
746,Hildegaard,Hildegaard.@yopmail.com
747,Elora,Elora.@yopmail.com
748,Siana,Siana.@yopmail.com
749,Glenda,Glenda.@yopmail.com
750,Gabi,Gabi.@yopmail.com
751,Nickie,Nickie.@yopmail.com
752,Hermione,Hermione.@yopmail.com
753,Jolyn,Jolyn.@yopmail.com
754,Tina,Tina.@yopmail.com
755,Kristina,Kristina.@yopmail.com
756,Helena,Helena.@yopmail.com
757,Hyacinthe,Hyacinthe.@yopmail.com
758,Jessy,Jessy.@yopmail.com
759,Krystle,Krystle.@yopmail.com
760,Maryellen,Maryellen.@yopmail.com
761,Valli,Valli.@yopmail.com
762,Tera,Tera.@yopmail.com
763,Raquela,Raquela.@yopmail.com
764,Christal,Christal.@yopmail.com
765,Emylee,Emylee.@yopmail.com
766,Talya,Talya.@yopmail.com
767,Cindelyn,Cindelyn.@yopmail.com
768,Nyssa,Nyssa.@yopmail.com
769,Damaris,Damaris.@yopmail.com
770,Cherilyn,Cherilyn.@yopmail.com
771,Philis,Philis.@yopmail.com
772,Dulce,Dulce.@yopmail.com
773,Sheelagh,Sheelagh.@yopmail.com
774,Dorthy,Dorthy.@yopmail.com
775,Rivalee,Rivalee.@yopmail.com
776,Dulcinea,Dulcinea.@yopmail.com
777,Kellen,Kellen.@yopmail.com
778,Gwyneth,Gwyneth.@yopmail.com
779,Valli,Valli.@yopmail.com
780,Kimmy,Kimmy.@yopmail.com
781,Talya,Talya.@yopmail.com
782,Renae,Renae.@yopmail.com
783,Emilia,Emilia.@yopmail.com
784,Jemie,Jemie.@yopmail.com